"OrderID,ProductID,Quantity,OrderDate"
"101,1,2,01-12-2023"
"102,2,1,01-15-2023"
"103,3,3,02-01-2023"
"104,4,1,02-05-2023"
"105,5,4,02-10-2023"
"106,6,1,03-01-2023"
"107,7,2,03-15-2023"
"108,8,2,03-18-2023"
"109,9,1,04-01-2023"
"110,10,3,04-02-2023"
"111,11,2,04-15-2023"
"112,12,1,05-01-2023"
"113,13,5,05-05-2023"
"114,14,3,06-01-2023"
"115,15,2,06-03-2023"
"116,16,1,07-01-2023"
"117,17,1,07-10-2023"
"118,18,2,07-15-2023"
"119,19,1,07-20-2023"
"120,20,2,07-25-2023"
"121,1,1,08-01-2023"
"122,2,3,08-05-2023"
"123,3,2,09-01-2023"
"124,4,5,09-15-2023"
"125,5,3,09-20-2023"
"126,6,2,09-25-2023"
"127,7,4,10-01-2023"
"128,8,1,10-05-2023"
"129,9,2,10-10-2023"
"130,10,2,11-01-2023"
"131,11,4,11-05-2023"
"132,12,1,12-01-2023"
"133,13,2,12-05-2023"
"134,14,3,12-10-2023"
"135,15,5,12-20-2023"
